29710725217517768,453349688988,3,NULL,NULL,0,358.08941191498536,0.0000833115,0,3.039583881799817,0.0000440547,0,13195723847569,NULL,NULL,NULL,NULL,358.09409958603084,0,3.0181249038638107,0,NULL,NULL,358.09409958603084,3.0181249038638107,11.145301519897007,1.53915,396.37843658437066,0.725266,358.08941191498536,0.0000833115,3.039583881799817,0.0000440547,358.08941191498536,3.039583881799817,50984.37021041665,15,748.4060503461875,162.566,1602.0987205576666,412.589,NULL,NULL,NULL,NULL,NULL,NULL,NULL,NULL,NULL,NULL,0,13.7293,7.78971,3.56652,3.58018,5.5378,2.02357,NULL,NULL,NULL,NULL,NULL,NULL,NULL,NULL,NULL,NULL,NULL,NULL,NULL,NULL,NULL,NULL,NULL,0,0,0,NULL,NULL,NULL,1067.139667359477,3190.48,2034.2137881244207,296.163,NULL,NULL,NULL,NULL,NULL,NULL,NULL,NULL,NULL,NULL,NULL,NULL,NULL,NULL,NULL,NULL,NULL,NULL,NULL,0,129,0
29710725217517996,453349688988,3,NULL,NULL,0,358.08276596738045,0,0,3.066563961238612,0,0,13195723608932,NULL,NULL,NULL,NULL,358.09409958603084,0,3.0181249038638107,0,NULL,NULL,358.09409958603084,3.0181249038638107,12,NULL,898,NULL,358.08276596738045,0,3.066563961238612,0,358.08276596738045,3.066563961238612,50984.37021041665,15,770.4076693471928,170.239,2315.3858319401693,434.377,NULL,NULL,NULL,NULL,NULL,NULL,NULL,NULL,NULL,NULL,0,16.8434,NULL,26.1966,NULL,-11.9487,NULL,NULL,NULL,NULL,NULL,NULL,NULL,NULL,NULL,NULL,NULL,NULL,NULL,NULL,NULL,NULL,NULL,NULL,8,0,0,NULL,NULL,NULL,5066.684750281437,NULL,6040.837451694919,554.658,NULL,NULL,NULL,NULL,NULL,NULL,NULL,NULL,NULL,NULL,NULL,NULL,NULL,NULL,NULL,NULL,NULL,NULL,NULL,0,193,0
29710725217518033,453349688988,3,NULL,NULL,0,358.0817920705075,0,0,3.0704886608229702,0,0,13195723632481,NULL,NULL,NULL,NULL,358.09409958603084,0,3.0181249038638107,0,NULL,NULL,358.09409958603084,3.0181249038638107,12,NULL,971,NULL,358.0817920705075,0,3.0704886608229702,0,358.0817920705075,3.0704886608229702,50984.37021041665,15,684.2941240616053,170.877,1041.9476808101397,435.198,NULL,NULL,NULL,NULL,NULL,NULL,NULL,NULL,NULL,NULL,0,99.8602,NULL,267.76,NULL,-267.613,NULL,NULL,NULL,NULL,NULL,NULL,NULL,NULL,NULL,NULL,NULL,NULL,NULL,NULL,NULL,NULL,NULL,NULL,8,0,0,NULL,NULL,NULL,NULL,NULL,NULL,NULL,NULL,NULL,NULL,NULL,NULL,NULL,NULL,NULL,NULL,NULL,NULL,NULL,NULL,NULL,NULL,NULL,NULL,NULL,NULL,0,262337,0
29710725217518458,453349688988,3,NULL,NULL,0,358.0690268498278,0,0,3.123310045440112,0,0,13195722758411,NULL,NULL,NULL,NULL,358.09409958603084,0,3.0181249038638107,0,NULL,NULL,358.09409958603084,3.0181249038638107,18,NULL,1952,NULL,358.0690268498278,0,3.123310045440112,0,358.0690268498278,3.123310045440112,50984.37021041665,15,4256.192402270504,213.679,10394.634863721702,509.606,NULL,NULL,NULL,NULL,NULL,NULL,NULL,NULL,NULL,NULL,0,29.1895,3.41537,7.46259,1.2636,-3.92722,0.873173,NULL,NULL,NULL,NULL,NULL,NULL,NULL,NULL,NULL,NULL,NULL,NULL,NULL,NULL,NULL,NULL,NULL,0,0,0,NULL,NULL,NULL,12705.910846507875,5806.37,16695.630894547205,124.21,NULL,NULL,NULL,NULL,NULL,NULL,NULL,NULL,NULL,NULL,NULL,NULL,NULL,NULL,NULL,NULL,NULL,NULL,NULL,0,193,0
29710780246786437,453350528668,3,NULL,NULL,0,358.0785942563585,0,0,3.0226372477567103,0,0,13195723134314,NULL,NULL,NULL,NULL,358.08796005706955,0,2.985337720236588,0,NULL,NULL,358.08796005706955,2.985337720236588,10,NULL,694,NULL,358.0785942563585,0,3.0226372477567103,0,358.0785942563585,3.0226372477567103,50984.38858441665,15,1340.1238211650068,165.22,3201.5281981057637,379.507,NULL,NULL,NULL,NULL,NULL,NULL,NULL,NULL,NULL,NULL,0,11.3553,NULL,5.83454,NULL,2.1416,NULL,NULL,NULL,NULL,NULL,NULL,NULL,NULL,NULL,NULL,NULL,NULL,NULL,NULL,NULL,NULL,NULL,NULL,8,0,0,NULL,NULL,NULL,3554.884177274223,NULL,1310.6086292357209,33.8281,NULL,NULL,NULL,NULL,NULL,NULL,NULL,NULL,NULL,NULL,NULL,NULL,NULL,NULL,NULL,NULL,NULL,NULL,NULL,0,193,0
29710780246786874,453350528668,3,NULL,NULL,0,358.06655508758325,0,0,3.068457000337906,0,0,13195723465743,NULL,NULL,NULL,NULL,358.08796005706955,0,2.985337720236588,0,NULL,NULL,358.08796005706955,2.985337720236588,13,NULL,1549,NULL,358.06655508758325,0,3.068457000337906,0,358.06655508758325,3.068457000337906,50984.38858441665,15,1886.050947269388,187.04,3585.100215458236,418.608,NULL,NULL,NULL,NULL,NULL,NULL,NULL,NULL,NULL,NULL,0,14.5952,3.62705,9.80641,2.32926,-5.7075,2.43699,NULL,NULL,NULL,NULL,NULL,NULL,NULL,NULL,NULL,NULL,NULL,NULL,NULL,NULL,NULL,NULL,NULL,0,0,0,NULL,NULL,NULL,4113.8478219943845,3678.7,4498.22042566107,148.274,NULL,NULL,NULL,NULL,NULL,NULL,NULL,NULL,NULL,NULL,NULL,NULL,NULL,NULL,NULL,NULL,NULL,NULL,NULL,0,193,0
29710780246787547,453350528668,3,NULL,NULL,0,358.0477711271595,0,0,3.1382841723274337,0,0,13195729434274,NULL,NULL,NULL,NULL,358.08796005706955,0,2.985337720236588,0,NULL,NULL,358.08796005706955,2.985337720236588,10,NULL,2854,NULL,358.0477711271595,0,3.1382841723274337,0,358.0477711271595,3.1382841723274337,50984.38858441665,15,753.3915934199398,223.466,1976.089910874228,514.529,NULL,NULL,NULL,NULL,NULL,NULL,NULL,NULL,NULL,NULL,0,15.1648,8.82185,15.0051,8.33466,-13.5275,8.72896,NULL,NULL,NULL,NULL,NULL,NULL,NULL,NULL,NULL,NULL,NULL,NULL,NULL,NULL,NULL,NULL,NULL,2,0,0,NULL,NULL,NULL,1767.5052032042474,5815.4,7683.293396525319,660.995,NULL,NULL,NULL,NULL,NULL,NULL,NULL,NULL,NULL,NULL,NULL,NULL,NULL,NULL,NULL,NULL,NULL,NULL,NULL,0,193,0
29710780246787965,453350528668,3,NULL,NULL,0,358.0382162238455,0,0,3.174559184645623,0,0,13195734571492,NULL,NULL,NULL,NULL,358.08796005706955,0,2.985337720236588,0,NULL,NULL,358.08796005706955,2.985337720236588,12,NULL,3531,NULL,358.0382162238455,0,3.174559184645623,0,358.0382162238455,3.174559184645623,50984.38858441665,15,684.5632587128739,392.527,1148.1493228612533,908.513,NULL,NULL,NULL,NULL,NULL,NULL,NULL,NULL,NULL,NULL,0,18.3903,NULL,3.84804,NULL,-3.21891,NULL,NULL,NULL,NULL,NULL,NULL,NULL,NULL,NULL,NULL,NULL,NULL,NULL,NULL,NULL,NULL,NULL,NULL,8,0,0,NULL,NULL,NULL,0,NULL,2831.758803583617,401.94,NULL,NULL,NULL,NULL,NULL,NULL,NULL,NULL,NULL,NULL,NULL,NULL,NULL,NULL,NULL,NULL,NULL,NULL,NULL,0,193,0
29710796017369469,453350769308,3,NULL,NULL,0,358.076881847349,0,0,3.0208853129451105,0,0,13195723144598,NULL,NULL,NULL,NULL,358.0869949417305,0,2.980748202559596,0,NULL,NULL,358.0869949417305,2.980748202559596,12,NULL,747,NULL,358.076881847349,0,3.0208853129451105,0,358.076881847349,3.0208853129451105,50984.395321416654,15,1585.6215080602474,184.426,2157.306073786843,500.33,NULL,NULL,NULL,NULL,NULL,NULL,NULL,NULL,NULL,NULL,0,3.49196,1.11954,4.07265,0.967438,-1.99741,1.30571,NULL,NULL,NULL,NULL,NULL,NULL,NULL,NULL,NULL,NULL,NULL,NULL,NULL,NULL,NULL,NULL,NULL,0,0,0,NULL,NULL,NULL,2132.503094513801,5352.62,2152.5572068779848,52.366,NULL,NULL,NULL,NULL,NULL,NULL,NULL,NULL,NULL,NULL,NULL,NULL,NULL,NULL,NULL,NULL,NULL,NULL,NULL,0,193,0
29710796017369818,453350769308,3,NULL,NULL,0,358.0670506869748,0.0000173457,0,3.0574251840312736,0.0000105681,0,13195723642939,NULL,NULL,NULL,NULL,358.0869949417305,0,2.980748202559596,0,NULL,NULL,358.0869949417305,2.980748202559596,12.06630520809306,0.32068,1429.969976446959,0.177738,358.0670506869748,0.0000173457,3.0574251840312736,0.0000105681,358.0670506869748,3.0574251840312736,50984.395321416654,15,1667.078764655142,198.509,1622.5716729976984,536.969,NULL,NULL,NULL,NULL,NULL,NULL,NULL,NULL,NULL,NULL,0,3.90176,1.33006,1.71174,0.641038,-0.627526,0.583509,NULL,NULL,NULL,NULL,NULL,NULL,NULL,NULL,NULL,NULL,NULL,NULL,NULL,NULL,NULL,NULL,NULL,0,0,0,NULL,NULL,NULL,1921.8327773903588,6283.43,1945.017363918332,40.8398,NULL,NULL,NULL,NULL,NULL,NULL,NULL,NULL,NULL,NULL,NULL,NULL,NULL,NULL,NULL,NULL,NULL,NULL,NULL,0,129,0
29719967454200630,453490714328,1,NULL,NULL,0,5.12087444172781,0.000137743,0,2.559653764516827,0.00010391,0,17057977467410,NULL,NULL,NULL,NULL,5.048135692547652,0,2.7491057007993613,0,NULL,NULL,5.048135692547652,2.7491057007993613,2172.2949710778967,1.29136,2946.940539812102,2.83268,5.12087444172781,0.000137743,2.559653764516827,0.00010391,5.12087444172781,2.559653764516827,50998.42059562965,15,1023.1013044425896,187.608,1093.1031842762286,392.433,NULL,NULL,NULL,NULL,NULL,NULL,NULL,NULL,NULL,NULL,0,4.71845,2.28381,5.75925,1.83701,-1.27851,2.78757,NULL,NULL,NULL,NULL,NULL,NULL,NULL,NULL,NULL,NULL,NULL,NULL,NULL,NULL,NULL,NULL,NULL,0,0,0,NULL,NULL,NULL,1239.539721886198,2751.62,1897.9810777510995,43.6145,NULL,NULL,NULL,NULL,NULL,NULL,NULL,NULL,NULL,NULL,NULL,NULL,NULL,NULL,NULL,NULL,NULL,NULL,NULL,0,128,0
29719967454200632,453490714328,1,430261233778748,NULL,0,5.117220258576432,0.000213776,0,2.55342053350002,0.000325474,0,17057978787616,NULL,NULL,NULL,NULL,5.048135692547652,0,2.7491057007993613,0,NULL,NULL,5.048135692547652,2.7491057007993613,2302.5268264611136,6.93516,2952.096539566533,1.12578,5.117220258576432,0.000213776,2.55342053350002,0.000325474,5.117195280344683,2.553412440289786,50998.42059562965,15,1096.8545284783052,186.838,1048.285825060279,387.717,NULL,NULL,NULL,NULL,NULL,NULL,NULL,NULL,NULL,NULL,0,8.28212,3.86608,5.03351,2.38339,3.23276,2.34964,NULL,NULL,NULL,NULL,NULL,NULL,NULL,NULL,NULL,NULL,NULL,NULL,NULL,NULL,NULL,NULL,NULL,0,0,0,NULL,NULL,NULL,1346.1721476490811,2744.81,2097.2724173657416,322.961,NULL,NULL,NULL,NULL,NULL,NULL,NULL,NULL,NULL,NULL,NULL,NULL,NULL,NULL,NULL,NULL,NULL,NULL,NULL,0,128,0
29719967454200634,453490714328,1,NULL,NULL,0,5.151657343054651,0.000258501,0,2.606349111473969,0.0002802,0,17057975554548,NULL,NULL,NULL,NULL,5.048135692547652,0,2.7491057007993613,0,NULL,NULL,5.048135692547652,2.7491057007993613,1163.569558296514,5.31047,2960.0314193802305,4.37176,5.151657343054651,0.000258501,2.606349111473969,0.0002802,5.151657343054651,2.606349111473969,50998.42059562965,15,926.0531223189932,204.688,2357.7742452674997,803.896,NULL,NULL,NULL,NULL,NULL,NULL,NULL,NULL,NULL,NULL,0,8.71638,NULL,7.01007,NULL,5.97001,NULL,NULL,NULL,NULL,NULL,NULL,NULL,NULL,NULL,NULL,NULL,NULL,NULL,NULL,NULL,NULL,NULL,NULL,8,0,0,NULL,NULL,NULL,1416.1103148497525,NULL,1684.2681995141518,36.8893,NULL,NULL,NULL,NULL,NULL,NULL,NULL,NULL,NULL,NULL,NULL,NULL,NULL,NULL,NULL,NULL,NULL,NULL,NULL,0,128,0
29719967454200635,453490714328,1,NULL,NULL,0,5.185121747062516,0.000144408,0,2.6586210329627056,0.000189047,0,17057762988963,NULL,NULL,NULL,NULL,5.048135692547652,0,2.7491057007993613,0,NULL,NULL,5.048135692547652,2.7491057007993613,44.0542084602185,3.87292,2959.5362307898654,1.85045,5.185121747062516,0.000144408,2.6586210329627056,0.000189047,5.185121747062516,2.6586210329627056,50998.42059562965,15,853.4472777691459,224.079,1253.675240549678,508.236,NULL,NULL,NULL,NULL,NULL,NULL,NULL,NULL,NULL,NULL,0,11.5142,NULL,5.45875,NULL,-3.86644,NULL,NULL,NULL,NULL,NULL,NULL,NULL,NULL,NULL,NULL,NULL,NULL,NULL,NULL,NULL,NULL,NULL,NULL,8,0,0,NULL,NULL,NULL,2209.02583770815,NULL,1078.138425701767,11.0947,NULL,NULL,NULL,NULL,NULL,NULL,NULL,NULL,NULL,NULL,NULL,NULL,NULL,NULL,NULL,NULL,NULL,NULL,NULL,0,128,0
29719967454200637,453490714328,1,NULL,NULL,0,5.113437904742045,0.0000816835,0,2.546057851547172,0.0000912143,0,17057978822934,NULL,NULL,NULL,NULL,5.048135692547652,0,2.7491057007993613,0,NULL,NULL,5.048135692547652,2.7491057007993613,2451.1680039269854,1.75525,2966.292281896952,1.34156,5.113437904742045,0.0000816835,2.546057851547172,0.0000912143,5.113437904742045,2.546057851547172,50998.42059562965,15,1358.0011281312766,185.019,2585.450014644628,385.936,NULL,NULL,NULL,NULL,NULL,NULL,NULL,NULL,NULL,NULL,0,8.34249,NULL,7.03772,NULL,4.54696,NULL,NULL,NULL,NULL,NULL,NULL,NULL,NULL,NULL,NULL,NULL,NULL,NULL,NULL,NULL,NULL,NULL,NULL,8,0,0,NULL,NULL,NULL,2327.0070373039352,NULL,4022.624523152639,58.7092,NULL,NULL,NULL,NULL,NULL,NULL,NULL,NULL,NULL,NULL,NULL,NULL,NULL,NULL,NULL,NULL,NULL,NULL,NULL,0,128,0
29719967454200638,453490714328,1,430261233778737,NULL,0,5.10679028997275,0.0000229007,0,2.5352212173711206,0.0000279783,0,17057978952988,NULL,NULL,NULL,NULL,5.048135692547652,0,2.7491057007993613,0,NULL,NULL,5.048135692547652,2.7491057007993613,2680.444274584316,0.559647,2970.7790227920254,0.335201,5.10679028997275,0.0000229007,2.5352212173711206,0.0000279783,5.106777799043561,2.5351716947062117,50998.42059562965,15,4770.786748133646,198.292,7337.838570061968,387.279,NULL,NULL,NULL,NULL,NULL,NULL,NULL,NULL,NULL,NULL,0,10.6661,1.23077,7.78776,0.768301,2.36642,0.898634,NULL,NULL,NULL,NULL,NULL,NULL,NULL,NULL,NULL,NULL,NULL,NULL,NULL,NULL,NULL,NULL,NULL,0,0,0,NULL,NULL,NULL,7285.222860447775,3122.4,7614.956265185843,42.8799,NULL,NULL,NULL,NULL,NULL,NULL,NULL,NULL,NULL,NULL,NULL,NULL,NULL,NULL,NULL,NULL,NULL,NULL,NULL,0,128,0
29719967454200641,453490714328,1,NULL,NULL,0,5.155584071702516,0.000572599,0,2.6091711324029365,0.000523488,0,17057975515453,NULL,NULL,NULL,NULL,5.048135692547652,0,2.7491057007993613,0,NULL,NULL,5.048135692547652,2.7491057007993613,1082.5279323765683,8.77759,2992.1895717118023,10.9043,5.155584071702516,0.000572599,2.6091711324029365,0.000523488,5.155584071702516,2.6091711324029365,50998.42059562965,15,882.0663049358125,203.823,2377.4787452396968,443.551,NULL,NULL,NULL,NULL,NULL,NULL,NULL,NULL,NULL,NULL,0,8.39029,NULL,11.9496,NULL,-1.35355,NULL,NULL,NULL,NULL,NULL,NULL,NULL,NULL,NULL,NULL,NULL,NULL,NULL,NULL,NULL,NULL,NULL,NULL,8,0,0,NULL,NULL,NULL,2537.4404662326124,NULL,1944.3492653087624,114.543,NULL,NULL,NULL,NULL,NULL,NULL,NULL,NULL,NULL,NULL,NULL,NULL,NULL,NULL,NULL,NULL,NULL,NULL,NULL,0,128,0
29719967454200643,453490714328,1,430261233778866,NULL,0,5.159990470736904,0.00000474764,0,2.615923773425997,0.00000591571,0,17057754246617,NULL,NULL,NULL,NULL,5.048135692547652,0,2.7491057007993613,0,NULL,NULL,5.048135692547652,2.7491057007993613,937.094991713076,0.119197,2993.393446746879,0.067251,5.159990470736904,0.00000474764,2.615923773425997,0.00000591571,5.159994629345692,2.6158872672838416,50998.42059562965,15,9704.544545539537,255.243,9198.656021975283,464.511,NULL,NULL,NULL,NULL,NULL,NULL,NULL,NULL,NULL,NULL,1,4.77498,0.38654,2.97224,0.22041,0.796498,0.240606,NULL,NULL,NULL,NULL,NULL,NULL,NULL,NULL,NULL,NULL,NULL,NULL,NULL,NULL,NULL,NULL,NULL,0,0,0,NULL,NULL,NULL,9706.735359485863,6371.34,9686.930950249523,43.6286,NULL,NULL,NULL,NULL,NULL,NULL,NULL,NULL,NULL,NULL,NULL,NULL,NULL,NULL,NULL,NULL,NULL,NULL,NULL,0,128,0
29719967454200644,453490714328,1,NULL,NULL,0,5.15896402759509,0.00010761,0,2.6142417655417214,0.00013055,0,17057754190960,NULL,NULL,NULL,NULL,5.048135692547652,0,2.7491057007993613,0,NULL,NULL,5.048135692547652,2.7491057007993613,972.6293857532512,2.60445,2994.1736120248447,1.59218,5.15896402759509,0.00010761,2.6142417655417214,0.00013055,5.15896402759509,2.6142417655417214,50998.42059562965,15,1125.1400333683523,206.707,2297.383360234496,449.952,NULL,NULL,NULL,NULL,NULL,NULL,NULL,NULL,NULL,NULL,0,7.06338,NULL,6.71115,NULL,-3.76014,NULL,NULL,NULL,NULL,NULL,NULL,NULL,NULL,NULL,NULL,NULL,NULL,NULL,NULL,NULL,NULL,NULL,NULL,8,0,0,NULL,NULL,NULL,1924.3258868766432,NULL,2834.9952881113086,100.596,NULL,NULL,NULL,NULL,NULL,NULL,NULL,NULL,NULL,NULL,NULL,NULL,NULL,NULL,NULL,NULL,NULL,NULL,NULL,0,128,0
29719967454200645,453490714328,1,430261233778741,NULL,0,5.115305432579376,0.000066697,0,2.545739441784833,0.0000773444,0,17057978826015,NULL,NULL,NULL,NULL,5.048135692547652,0,2.7491057007993613,0,NULL,NULL,5.048135692547652,2.7491057007993613,2437.8591385452983,1.5146,2997.741243193563,1.04959,5.115305432579376,0.000066697,2.545739441784833,0.0000773444,5.115297378757573,2.545722905111825,50998.42059562965,15,1674.9313106099569,188.459,3015.961277410764,389.174,NULL,NULL,NULL,NULL,NULL,NULL,NULL,NULL,NULL,NULL,0,8.12644,NULL,8.29783,NULL,2.62738,NULL,NULL,NULL,NULL,NULL,NULL,NULL,NULL,NULL,NULL,NULL,NULL,NULL,NULL,NULL,NULL,NULL,NULL,8,0,0,NULL,NULL,NULL,3660.334436603012,NULL,4530.198262318356,86.4329,NULL,NULL,NULL,NULL,NULL,NULL,NULL,NULL,NULL,NULL,NULL,NULL,NULL,NULL,NULL,NULL,NULL,NULL,NULL,0,128,0
29737908336264404,453764470463,2,433349315265614,NULL,0,4.569694680844982,0.0000984225,0,3.216566937539352,0.0000867908,0,17059010492308,NULL,NULL,NULL,NULL,4.479597742096031,0,3.07004686430032,0,NULL,NULL,4.479597742096031,3.07004686430032,1665.5186290876952,1.77445,2614.2080532418768,1.56463,4.569694680844982,0.0000984225,3.216566937539352,0.0000867908,4.569717858841732,3.21659618705368,51021.307619629646,15,3068.5264885372985,204.348,3389.793282805176,293.88,NULL,NULL,NULL,NULL,NULL,NULL,NULL,NULL,NULL,NULL,0,7.0739,NULL,7.08432,NULL,0.0323413,NULL,NULL,NULL,NULL,NULL,NULL,NULL,NULL,NULL,NULL,NULL,NULL,NULL,NULL,NULL,NULL,NULL,NULL,8,0,0,NULL,NULL,NULL,3456.6123279956814,NULL,3643.880114025283,90.3931,NULL,NULL,NULL,NULL,NULL,NULL,NULL,NULL,NULL,NULL,NULL,NULL,NULL,NULL,NULL,NULL,NULL,NULL,NULL,0,128,0
29737908336264405,453764470463,2,433349315265919,NULL,0,4.657504305332596,0.0000689937,0,3.2182104890953838,0.0000790296,0,17059068687627,NULL,NULL,NULL,NULL,4.479597742096031,0,3.07004686430032,0,NULL,NULL,4.479597742096031,3.07004686430032,3246.358450417871,1.24379,2617.711519373316,1.42482,4.657504305332596,0.0000689937,3.2182104890953838,0.0000790296,4.657415921892084,3.218229930386011,51021.307619629646,15,2107.9202797716675,202.01,2568.2656730138774,296.011,NULL,NULL,NULL,NULL,NULL,NULL,NULL,NULL,NULL,NULL,0,20.6867,5.54654,12.0737,3.07801,3.71663,3.2372,NULL,NULL,NULL,NULL,NULL,NULL,NULL,NULL,NULL,NULL,NULL,NULL,NULL,NULL,NULL,NULL,NULL,0,0,0,NULL,NULL,NULL,2894.276899213236,1563,3663.971110841779,245.267,NULL,NULL,NULL,NULL,NULL,NULL,NULL,NULL,NULL,NULL,NULL,NULL,NULL,NULL,NULL,NULL,NULL,NULL,NULL,0,128,0
29737908336264406,453764470463,2,433349315264725,NULL,0,4.499847385288585,0.0000606356,0,3.2154401866851443,0.0000356005,0,17058984439858,NULL,NULL,NULL,NULL,4.479597742096031,0,3.07004686430032,0,NULL,NULL,4.479597742096031,3.07004686430032,408.10647206020144,1.09326,2614.77375702601,0.64165,4.499847385288585,0.0000606356,3.2154401866851443,0.0000356005,4.499932018828608,3.215538055658548,51021.307619629646,15,1211.1663700243814,198.371,1184.8929753840453,288.554,NULL,NULL,NULL,NULL,NULL,NULL,NULL,NULL,NULL,NULL,0,8.48838,NULL,6.76641,NULL,-1.43166,NULL,NULL,NULL,NULL,NULL,NULL,NULL,NULL,NULL,NULL,NULL,NULL,NULL,NULL,NULL,NULL,NULL,NULL,8,0,0,NULL,NULL,NULL,1603.8851967168923,NULL,1318.41475963673,1226.82,NULL,NULL,NULL,NULL,NULL,NULL,NULL,NULL,NULL,NULL,NULL,NULL,NULL,NULL,NULL,NULL,NULL,NULL,NULL,0,128,0
29737908336264407,453764470463,2,433349315268474,NULL,0,4.672369877021147,0.0000222537,0,3.218598407411144,0.0000425951,0,17059068633410,NULL,NULL,NULL,NULL,4.479597742096031,0,3.07004686430032,0,NULL,NULL,4.479597742096031,3.07004686430032,3514.016507617236,0.401052,2620.2951102586244,0.767996,4.672369877021147,0.0000222537,3.218598407411144,0.0000425951,4.672287532026737,3.2186628550531844,51021.307619629646,15,7486.823386238367,220.573,8632.53044633599,307.3,NULL,NULL,NULL,NULL,NULL,NULL,NULL,NULL,NULL,NULL,0,9.50619,0.800765,15.3252,0.733485,-2.44044,1.29094,NULL,NULL,NULL,NULL,NULL,NULL,NULL,NULL,NULL,NULL,NULL,NULL,NULL,NULL,NULL,NULL,NULL,0,0,0,NULL,NULL,NULL,8754.390134738278,1844.57,9132.025343142352,77.1851,NULL,NULL,NULL,NULL,NULL,NULL,NULL,NULL,NULL,NULL,NULL,NULL,NULL,NULL,NULL,NULL,NULL,NULL,NULL,0,1408,0
29737908336264408,453764470463,2,433349315265603,NULL,0,4.563114115461182,0.0000343455,0,3.216912580630067,0.0000451613,0,17059010502019,NULL,NULL,NULL,NULL,4.479597742096031,0,3.07004686430032,0,NULL,NULL,4.479597742096031,3.07004686430032,1547.1884844069348,0.61913,2622.40173158495,0.814229,4.563114115461182,0.0000343455,3.216912580630067,0.0000451613,4.563083056427672,3.2169237045454144,51021.307619629646,15,1337.5920026640815,198.837,1755.8484203219025,290.878,NULL,NULL,NULL,NULL,NULL,NULL,NULL,NULL,NULL,NULL,0,12.3606,4.93328,17.6358,4.46715,5.70646,7.03869,NULL,NULL,NULL,NULL,NULL,NULL,NULL,NULL,NULL,NULL,NULL,NULL,NULL,NULL,NULL,NULL,NULL,0,0,0,NULL,NULL,NULL,1694.9796964937816,1338.13,4924.6686489408685,1777.01,NULL,NULL,NULL,NULL,NULL,NULL,NULL,NULL,NULL,NULL,NULL,NULL,NULL,NULL,NULL,NULL,NULL,NULL,NULL,0,128,0
29737908336264409,453764470463,2,433349315265594,NULL,0,4.5521517384995995,0.0000257864,0,3.2171446208834813,0.000014565,0,17058981022052,NULL,NULL,NULL,NULL,4.479597742096031,0,3.07004686430032,0,NULL,NULL,4.479597742096031,3.07004686430032,1349.963032311195,0.464929,2629.8565326172297,0.262506,4.5521517384995995,0.0000257864,3.2171446208834813,0.000014565,4.552155180561302,3.217200182399644,51021.307619629646,15,2573.7324063201454,203.325,2297.7920069607626,291.814,NULL,NULL,NULL,NULL,NULL,NULL,NULL,NULL,NULL,NULL,1,11.7613,2.65497,6.40526,1.46529,2.9891,1.44591,NULL,NULL,NULL,NULL,NULL,NULL,NULL,NULL,NULL,NULL,NULL,NULL,NULL,NULL,NULL,NULL,NULL,0,0,0,NULL,NULL,NULL,2491.575837439525,1547.62,3071.4559771076524,236.54,NULL,NULL,NULL,NULL,NULL,NULL,NULL,NULL,NULL,NULL,NULL,NULL,NULL,NULL,NULL,NULL,NULL,NULL,NULL,0,128,0
29737908336264410,453764470463,2,433349315268484,NULL,0,4.6808252298870014,0.000000705238,0,3.2195922508790047,0.000000794441,0,17059068579620,NULL,NULL,NULL,NULL,4.479597742096031,0,3.07004686430032,0,NULL,NULL,4.479597742096031,3.07004686430032,3666.4865971643735,0.0127138,2635.7040056250144,0.0143229,4.6808252298870014,0.000000705238,3.2195922508790047,0.000000794441,4.680745828080587,3.2195737790863745,51021.307619629646,15,188664.79501357296,812.446,186303.45125961647,551.437,NULL,NULL,NULL,NULL,NULL,NULL,NULL,NULL,NULL,NULL,1,7.84804,0.0863009,9.36004,0.0666445,-0.0458765,0.102928,NULL,NULL,NULL,NULL,NULL,NULL,NULL,NULL,NULL,NULL,NULL,NULL,NULL,NULL,NULL,NULL,NULL,0,0,0,NULL,NULL,NULL,185615.88231872316,19366.8,177041.5090070897,522.763,NULL,NULL,NULL,NULL,NULL,NULL,NULL,NULL,NULL,NULL,NULL,NULL,NULL,NULL,NULL,NULL,NULL,NULL,NULL,0,128,0
29737908336264411,453764470463,2,433349315264710,NULL,0,4.480710594753096,0,0,3.216466019310668,0,0,17058984539950,NULL,NULL,NULL,NULL,4.479597742096031,0,3.07004686430032,0,NULL,NULL,4.479597742096031,3.07004686430032,64,NULL,2639,NULL,4.480710594753096,0,3.216466019310668,0,4.480521114098851,3.2164318525374798,51021.307619629646,15,1405.2711420829255,198.379,2303.592389485695,290.258,NULL,NULL,NULL,NULL,NULL,NULL,NULL,NULL,NULL,NULL,0,0.0833333,NULL,0.0833333,NULL,0,NULL,NULL,NULL,NULL,NULL,NULL,NULL,NULL,NULL,NULL,NULL,NULL,NULL,NULL,NULL,NULL,NULL,NULL,36,0,0,NULL,NULL,NULL,NULL,NULL,2036.7852274639272,30.4177,NULL,NULL,NULL,NULL,NULL,NULL,NULL,NULL,NULL,NULL,NULL,NULL,NULL,NULL,NULL,NULL,NULL,NULL,NULL,0,192,0
29737908336264412,453764470463,2,433349315265612,NULL,0,4.569341931205432,0.0000369084,0,3.217855540644897,0.0000262813,0,17059010480660,NULL,NULL,NULL,NULL,4.479597742096031,0,3.07004686430032,0,NULL,NULL,4.479597742096031,3.07004686430032,1659.5549935925353,0.665441,2637.5414439673445,0.473745,4.569341931205432,0.0000369084,3.217855540644897,0.0000262813,4.5692941740221675,3.217917442237948,51021.307619629646,15,1317.640478748967,198.183,1398.0625316200988,290.062,NULL,NULL,NULL,NULL,NULL,NULL,NULL,NULL,NULL,NULL,1,13.0568,5.35687,7.20391,2.82022,0.665839,2.95558,NULL,NULL,NULL,NULL,NULL,NULL,NULL,NULL,NULL,NULL,NULL,NULL,NULL,NULL,NULL,NULL,NULL,0,0,0,NULL,NULL,NULL,1388.8437110114403,1343.26,1233.7645336132591,52.1663,NULL,NULL,NULL,NULL,NULL,NULL,NULL,NULL,NULL,NULL,NULL,NULL,NULL,NULL,NULL,NULL,NULL,NULL,NULL,0,128,0
29737908336264413,453764470463,2,433349315265926,NULL,0,4.661187549586043,0,0,3.2193966303566968,0,0,17059068707815,NULL,NULL,NULL,NULL,4.479597742096031,0,3.07004686430032,0,NULL,NULL,4.479597742096031,3.07004686430032,3313,NULL,2638,NULL,4.661187549586043,0,3.2193966303566968,0,4.661183959584139,3.219460057330493,51021.307619629646,15,1186.744141069748,198.287,1962.7189045953005,295.061,NULL,NULL,NULL,NULL,NULL,NULL,NULL,NULL,NULL,NULL,0,115.56,38.9269,31.824,15.7098,25.9307,10.72,NULL,NULL,NULL,NULL,NULL,NULL,NULL,NULL,NULL,NULL,NULL,NULL,NULL,NULL,NULL,NULL,NULL,0,0,0,NULL,NULL,NULL,4335.2894474613095,1557.65,2891.96461416042,683.088,NULL,NULL,NULL,NULL,NULL,NULL,NULL,NULL,NULL,NULL,NULL,NULL,NULL,NULL,NULL,NULL,NULL,NULL,NULL,0,192,0
